-- phpMyAdmin SQL Dump
-- version 5.2.1
-- https://www.phpmyadmin.net/
--
-- Host: 127.0.0.1
-- Generation Time: Nov 07, 2024 at 04:36 AM
-- Server version: 10.4.32-MariaDB
-- PHP Version: 8.2.12

SET SQL_MODE = "NO_AUTO_VALUE_ON_ZERO";
START TRANSACTION;
SET time_zone = "+00:00";


/*!40101 SET @OLD_CHARACTER_SET_CLIENT=@@CHARACTER_SET_CLIENT */;
/*!40101 SET @OLD_CHARACTER_SET_RESULTS=@@CHARACTER_SET_RESULTS */;
/*!40101 SET @OLD_COLLATION_CONNECTION=@@COLLATION_CONNECTION */;
/*!40101 SET NAMES utf8mb4 */;

--
-- Database: `dine-watch`
--

-- --------------------------------------------------------

--
-- Table structure for table `activity_logs`
--

CREATE TABLE `activity_logs` (
  `log_id` int(11) NOT NULL,
  `action_by` int(11) DEFAULT NULL,
  `action_type` enum('Login','Logout','Create Reservation','Update Reservation','Cancel Reservation','Order Placed','Order Updated','Order Canceled','Add Product','Update Product','Delete Product') DEFAULT NULL,
  `action_details` text DEFAULT NULL,
  `created_at` timestamp NOT NULL DEFAULT current_timestamp()
) ENGINE=InnoDB DEFAULT CHARSET=utf8mb4 COLLATE=utf8mb4_general_ci;

--
-- Dumping data for table `activity_logs`
--

INSERT INTO `activity_logs` (`log_id`, `action_by`, `action_type`, `action_details`, `created_at`) VALUES
(3, 1, 'Login', 'Mark Laurence l. caringal jr logged in', '2024-11-07 01:01:05'),
(4, 6, 'Login', 'jcaringal logged in', '2024-11-07 01:04:49'),
(5, 6, 'Add Product', 'Added a new product: Pizzasdf (Category ID: 1)', '2024-11-07 01:06:11'),
(6, 6, 'Add Product', 'Added a new product: pepsi (Category ID: 2)', '2024-11-07 01:06:45'),
(7, 6, 'Logout', 'jcaringal logged out', '2024-11-07 01:11:11'),
(8, 7, 'Login', 'Mark Laurence l. caringal1 wq logged in', '2024-11-07 01:11:50'),
(9, 7, 'Logout', 'mcaringal1 logged out', '2024-11-07 01:21:03'),
(10, 6, 'Login', 'jcaringal logged in', '2024-11-07 01:21:31'),
(11, 6, 'Logout', 'jcaringal logged out', '2024-11-07 01:22:29'),
(12, 6, 'Login', 'jcaringal logged in', '2024-11-07 01:26:29'),
(13, 8, 'Login', 'hdsaa logged in', '2024-11-07 02:47:10');

-- --------------------------------------------------------

--
-- Table structure for table `chat_messages`
--

CREATE TABLE `chat_messages` (
  `id` int(11) NOT NULL,
  `sender_id` int(11) NOT NULL,
  `receiver_id` int(11) NOT NULL,
  `message` text NOT NULL,
  `timestamp` timestamp NOT NULL DEFAULT current_timestamp(),
  `is_group_message` tinyint(1) DEFAULT 0
) ENGINE=InnoDB DEFAULT CHARSET=utf8mb4 COLLATE=utf8mb4_general_ci;

-- --------------------------------------------------------

--
-- Table structure for table `data_reservations`
--

CREATE TABLE `data_reservations` (
  `reservation_id` int(11) NOT NULL,
  `user_id` int(11) DEFAULT NULL,
  `table_id` int(11) DEFAULT NULL,
  `reservation_date` date DEFAULT NULL,
  `reservation_time` time DEFAULT NULL,
  `status` enum('Pending','Complete','Canceled','Rescheduled','Paid') DEFAULT 'Pending',
  `custom_note` varchar(255) DEFAULT NULL,
  `feedback` text DEFAULT NULL,
  `created_at` timestamp NOT NULL DEFAULT current_timestamp(),
  `updated_at` timestamp NOT NULL DEFAULT current_timestamp() ON UPDATE current_timestamp()
) ENGINE=InnoDB DEFAULT CHARSET=utf8mb4 COLLATE=utf8mb4_general_ci;

-- --------------------------------------------------------

--
-- Table structure for table `error_logs`
--

CREATE TABLE `error_logs` (
  `log_id` int(11) NOT NULL,
  `error_message` text DEFAULT NULL,
  `error_type` varchar(100) DEFAULT NULL,
  `occurred_at` timestamp NOT NULL DEFAULT current_timestamp()
) ENGINE=InnoDB DEFAULT CHARSET=utf8mb4 COLLATE=utf8mb4_general_ci;

-- --------------------------------------------------------

--
-- Table structure for table `feedback`
--

CREATE TABLE `feedback` (
  `feedback_id` int(11) NOT NULL,
  `user_id` int(11) DEFAULT NULL,
  `reservation_id` int(11) DEFAULT NULL,
  `order_id` int(11) DEFAULT NULL,
  `feedback_text` text DEFAULT NULL,
  `rating` int(11) DEFAULT NULL,
  `created_at` timestamp NOT NULL DEFAULT current_timestamp()
) ENGINE=InnoDB DEFAULT CHARSET=utf8mb4 COLLATE=utf8mb4_general_ci;

-- --------------------------------------------------------

--
-- Table structure for table `orders`
--

CREATE TABLE `orders` (
  `order_id` int(11) NOT NULL,
  `user_id` int(11) NOT NULL,
  `reservation_id` int(11) DEFAULT NULL,
  `order_details` text DEFAULT NULL,
  `total_amount` decimal(10,2) DEFAULT NULL,
  `order_time` datetime DEFAULT current_timestamp(),
  `status` enum('Pending','In-Progress','Completed','Canceled','paid in advance') DEFAULT 'Pending',
  `feedback` text DEFAULT NULL,
  `created_at` timestamp NOT NULL DEFAULT current_timestamp(),
  `updated_at` timestamp NOT NULL DEFAULT current_timestamp() ON UPDATE current_timestamp(),
  `payment_method` varchar(50) DEFAULT 'Credit Card'
) ENGINE=InnoDB DEFAULT CHARSET=utf8mb4 COLLATE=utf8mb4_general_ci;

--
-- Dumping data for table `orders`
--

INSERT INTO `orders` (`order_id`, `user_id`, `reservation_id`, `order_details`, `total_amount`, `order_time`, `status`, `feedback`, `created_at`, `updated_at`, `payment_method`) VALUES
(1, 7, 2, 'Product Name: Pizzasdf | Quantity: 1 | Price: 12.00', 12.00, '2024-11-07 09:13:28', 'paid in advance', NULL, '2024-11-07 01:13:28', '2024-11-07 01:13:28', 'Credit Card');

-- --------------------------------------------------------

--
-- Table structure for table `order_cancellations`
--

CREATE TABLE `order_cancellations` (
  `cancellation_id` int(11) NOT NULL,
  `order_id` int(11) DEFAULT NULL,
  `cancellation_reason` text DEFAULT NULL,
  `canceled_at` timestamp NOT NULL DEFAULT current_timestamp()
) ENGINE=InnoDB DEFAULT CHARSET=utf8mb4 COLLATE=utf8mb4_general_ci;

-- --------------------------------------------------------

--
-- Table structure for table `order_items`
--

CREATE TABLE `order_items` (
  `order_item_id` int(11) NOT NULL,
  `order_id` int(11) NOT NULL,
  `reservation_id` int(11) NOT NULL,
  `user_id` int(11) NOT NULL,
  `product_id` int(11) NOT NULL,
  `quantity` int(11) NOT NULL,
  `totalprice` decimal(10,2) NOT NULL
) ENGINE=InnoDB DEFAULT CHARSET=utf8mb4 COLLATE=utf8mb4_general_ci;

-- --------------------------------------------------------

--
-- Table structure for table `product_categories`
--

CREATE TABLE `product_categories` (
  `category_id` int(11) NOT NULL,
  `category_name` varchar(100) NOT NULL
) ENGINE=InnoDB DEFAULT CHARSET=utf8mb4 COLLATE=utf8mb4_general_ci;

--
-- Dumping data for table `product_categories`
--

INSERT INTO `product_categories` (`category_id`, `category_name`) VALUES
(1, 'pizza'),
(2, 'drinks');

-- --------------------------------------------------------

--
-- Table structure for table `product_items`
--

CREATE TABLE `product_items` (
  `product_id` int(11) NOT NULL,
  `product_name` varchar(255) DEFAULT NULL,
  `price` decimal(10,2) DEFAULT NULL,
  `special_instructions` text DEFAULT NULL,
  `product_image` varchar(500) DEFAULT NULL,
  `created_at` timestamp NOT NULL DEFAULT current_timestamp(),
  `updated_at` timestamp NOT NULL DEFAULT current_timestamp() ON UPDATE current_timestamp(),
  `quantity` int(11) NOT NULL,
  `category_id` int(11) NOT NULL
) ENGINE=InnoDB DEFAULT CHARSET=utf8mb4 COLLATE=utf8mb4_general_ci;

--
-- Dumping data for table `product_items`
--

INSERT INTO `product_items` (`product_id`, `product_name`, `price`, `special_instructions`, `product_image`, `created_at`, `updated_at`, `quantity`, `category_id`) VALUES
(1, 'Pizzasdf', 12.00, '213', '../Uploads/672c128367284_hawwiean.jpg', '2024-11-07 01:06:11', '2024-11-07 01:06:11', 231, 1),
(2, 'pepsi', 213.00, '', '../Uploads/672c12a5ee9a4_images.jpg', '2024-11-07 01:06:45', '2024-11-07 01:06:45', 4, 2);

-- --------------------------------------------------------

--
-- Table structure for table `receipts`
--

CREATE TABLE `receipts` (
  `receipt_id` int(11) NOT NULL,
  `order_id` int(11) NOT NULL,
  `user_id` int(11) NOT NULL,
  `total_amount` decimal(10,2) NOT NULL,
  `receipt_date` timestamp NOT NULL DEFAULT current_timestamp(),
  `payment_method` varchar(50) DEFAULT 'Credit Card'
) ENGINE=InnoDB DEFAULT CHARSET=utf8mb4 COLLATE=utf8mb4_general_ci;

--
-- Dumping data for table `receipts`
--

INSERT INTO `receipts` (`receipt_id`, `order_id`, `user_id`, `total_amount`, `receipt_date`, `payment_method`) VALUES
(1, 1, 7, 12.00, '2024-11-07 01:13:28', 'Credit Card');

-- --------------------------------------------------------

--
-- Table structure for table `receipt_items`
--

CREATE TABLE `receipt_items` (
  `receipt_item_id` int(11) NOT NULL,
  `receipt_id` int(11) NOT NULL,
  `reservation_id` int(11) NOT NULL,
  `user_id` int(11) NOT NULL,
  `product_id` int(11) NOT NULL,
  `quantity` int(11) NOT NULL,
  `item_total_price` decimal(10,2) NOT NULL
) ENGINE=InnoDB DEFAULT CHARSET=utf8mb4 COLLATE=utf8mb4_general_ci;

--
-- Dumping data for table `receipt_items`
--

INSERT INTO `receipt_items` (`receipt_item_id`, `receipt_id`, `reservation_id`, `user_id`, `product_id`, `quantity`, `item_total_price`) VALUES
(1, 1, 2, 7, 1, 1, 12.00);

-- --------------------------------------------------------

--
-- Table structure for table `reservations`
--

CREATE TABLE `reservations` (
  `reservation_id` int(11) NOT NULL,
  `user_id` int(11) DEFAULT NULL,
  `table_id` int(11) DEFAULT NULL,
  `reservation_date` date DEFAULT NULL,
  `reservation_time` time DEFAULT NULL,
  `status` enum('Pending','Complete','Canceled','Rescheduled','Paid') DEFAULT 'Pending',
  `custom_note` varchar(255) DEFAULT NULL,
  `feedback` text DEFAULT NULL,
  `created_at` timestamp NOT NULL DEFAULT current_timestamp(),
  `updated_at` timestamp NOT NULL DEFAULT current_timestamp() ON UPDATE current_timestamp()
) ENGINE=InnoDB DEFAULT CHARSET=utf8mb4 COLLATE=utf8mb4_general_ci;

--
-- Dumping data for table `reservations`
--

INSERT INTO `reservations` (`reservation_id`, `user_id`, `table_id`, `reservation_date`, `reservation_time`, `status`, `custom_note`, `feedback`, `created_at`, `updated_at`) VALUES
(2, 7, 1, '2024-11-08', '07:15:00', 'Pending', '1234', NULL, '2024-11-07 01:12:53', '2024-11-07 01:21:56');

-- --------------------------------------------------------

--
-- Table structure for table `reservation_ids`
--

CREATE TABLE `reservation_ids` (
  `reservation_id` int(11) NOT NULL
) ENGINE=InnoDB DEFAULT CHARSET=utf8mb4 COLLATE=utf8mb4_general_ci;

-- --------------------------------------------------------

--
-- Table structure for table `reservation_reschedule`
--

CREATE TABLE `reservation_reschedule` (
  `reschedule_id` int(11) NOT NULL,
  `reservation_id` int(11) DEFAULT NULL,
  `old_reservation_time` datetime DEFAULT NULL,
  `new_reservation_time` datetime DEFAULT NULL,
  `reason` text DEFAULT NULL,
  `created_at` timestamp NOT NULL DEFAULT current_timestamp()
) ENGINE=InnoDB DEFAULT CHARSET=utf8mb4 COLLATE=utf8mb4_general_ci;

-- --------------------------------------------------------

--
-- Table structure for table `sessions`
--

CREATE TABLE `sessions` (
  `session_id` int(11) NOT NULL,
  `user_id` int(11) DEFAULT NULL,
  `session_token` varchar(255) DEFAULT NULL,
  `created_at` timestamp NOT NULL DEFAULT current_timestamp(),
  `expires_at` datetime DEFAULT NULL
) ENGINE=InnoDB DEFAULT CHARSET=utf8mb4 COLLATE=utf8mb4_general_ci;

-- --------------------------------------------------------

--
-- Table structure for table `tables`
--

CREATE TABLE `tables` (
  `table_id` int(11) NOT NULL,
  `table_number` int(11) NOT NULL,
  `seating_capacity` int(11) NOT NULL,
  `is_available` tinyint(1) DEFAULT 1,
  `area` enum('Indoor','Outdoor') NOT NULL
) ENGINE=InnoDB DEFAULT CHARSET=utf8mb4 COLLATE=utf8mb4_general_ci;

--
-- Dumping data for table `tables`
--

INSERT INTO `tables` (`table_id`, `table_number`, `seating_capacity`, `is_available`, `area`) VALUES
(1, 9, 2, 1, 'Indoor'),
(2, 9, 12, 1, 'Outdoor');

-- --------------------------------------------------------

--
-- Table structure for table `table_images`
--

CREATE TABLE `table_images` (
  `image_id` int(11) NOT NULL,
  `table_id` int(11) NOT NULL,
  `image_path` varchar(255) NOT NULL,
  `uploaded_at` timestamp NOT NULL DEFAULT current_timestamp(),
  `position` enum('back view','left view','right view','front view') NOT NULL
) ENGINE=InnoDB DEFAULT CHARSET=utf8mb4 COLLATE=utf8mb4_general_ci;

--
-- Dumping data for table `table_images`
--

INSERT INTO `table_images` (`image_id`, `table_id`, `image_path`, `uploaded_at`, `position`) VALUES
(1, 1, '../uploads/672c12c9aad00_image.jpg', '2024-11-07 01:07:21', 'front view'),
(2, 1, '../uploads/672c12c9ab7a8_image.jpg', '2024-11-07 01:07:21', 'back view'),
(3, 1, '../uploads/672c12c9ac18d_image.jpg', '2024-11-07 01:07:21', 'left view'),
(4, 2, '../uploads/672c12e59a8f7_marvelous-city-skyline.jpg', '2024-11-07 01:07:49', 'front view'),
(5, 2, '../uploads/672c12e59b9e1_dramatic-river-views.jpg', '2024-11-07 01:07:49', 'back view');

-- --------------------------------------------------------

--
-- Table structure for table `users`
--

CREATE TABLE `users` (
  `user_id` int(11) NOT NULL,
  `first_name` varchar(50) NOT NULL,
  `middle_initial` char(1) DEFAULT NULL,
  `last_name` varchar(50) NOT NULL,
  `suffix` varchar(10) DEFAULT NULL,
  `contact_number` varchar(15) DEFAULT NULL,
  `email` varchar(191) NOT NULL,
  `address` varchar(255) DEFAULT NULL,
  `zip_code` char(5) DEFAULT NULL,
  `username` varchar(50) NOT NULL,
  `password_hash` varchar(255) NOT NULL,
  `role` enum('Owner','Admin','Staff','General User') NOT NULL,
  `created_at` timestamp NOT NULL DEFAULT current_timestamp(),
  `updated_at` timestamp NOT NULL DEFAULT current_timestamp() ON UPDATE current_timestamp(),
  `deleted_at` timestamp NULL DEFAULT NULL,
  `status` enum('online','offline') NOT NULL DEFAULT 'offline'
) ENGINE=InnoDB DEFAULT CHARSET=utf8mb4 COLLATE=utf8mb4_general_ci;

--
-- Dumping data for table `users`
--

INSERT INTO `users` (`user_id`, `first_name`, `middle_initial`, `last_name`, `suffix`, `contact_number`, `email`, `address`, `zip_code`, `username`, `password_hash`, `role`, `created_at`, `updated_at`, `deleted_at`, `status`) VALUES
(1, 'Mark Laurence', 'l', 'caringal', 'jr', '09345678901', 'ha1@gmail.com', 'place', '1234', 'mcaringal', '$2y$10$U5xRKzJxyW0Lgia.SYeMZ.KK/vtWuOuwngG5M1qMsyw8jrxO.eeXy', 'General User', '2024-11-07 00:59:59', '2024-11-07 00:59:59', NULL, 'offline'),
(3, 'Mark Laurence', 'l', 'caringal', 'wq', '09234567891', 'ha22@gmail.com', 'place', '1234', 'mcaringal3', '$2y$10$CT/oMDS884MILfbF3/2BwOolbz1R7EIMKzZAnGPcrauQX9X5.R9RO', 'General User', '2024-11-07 01:00:59', '2024-11-07 01:00:59', NULL, 'offline'),
(6, 'Jack', 'l', 'caringal', 'wq', '09234567891', 'mk@gmail.com', 'place', '1234', 'jcaringal', '$2y$10$jVll8K2S6EsrZKPsWUo.POe1lv32lSQncJqkT9567wS78ZrAV3tde', 'Owner', '2024-11-07 01:04:04', '2024-11-07 01:04:49', NULL, 'online'),
(7, 'Mark Laurence', 'l', 'caringal1', 'wq', '09345678901', 'g@gmail.com', 'place', '1234', 'mcaringal1', '$2y$10$xXj.kj406T.ZM571znX1qeVKsAAEWVh94M0AOBaonnZvbla2nMQ8e', 'General User', '2024-11-07 01:11:42', '2024-11-07 01:11:42', NULL, 'offline'),
(8, 'hala', 's', 'dsaa', '', '09876543231', 'mk12@gmail.com', 'asd', '1231', 'hdsaa', '$2y$10$vgUs1loUX1AJ6FB.hUsJ7u5zXMM.L.6pK9jCD9TaT.iM/Zb74L.da', 'Admin', '2024-11-07 02:46:23', '2024-11-07 02:47:10', NULL, 'online');

--
-- Indexes for dumped tables
--

--
-- Indexes for table `activity_logs`
--
ALTER TABLE `activity_logs`
  ADD PRIMARY KEY (`log_id`),
  ADD KEY `action_by` (`action_by`);

--
-- Indexes for table `chat_messages`
--
ALTER TABLE `chat_messages`
  ADD PRIMARY KEY (`id`);

--
-- Indexes for table `data_reservations`
--
ALTER TABLE `data_reservations`
  ADD PRIMARY KEY (`reservation_id`);

--
-- Indexes for table `error_logs`
--
ALTER TABLE `error_logs`
  ADD PRIMARY KEY (`log_id`);

--
-- Indexes for table `feedback`
--
ALTER TABLE `feedback`
  ADD PRIMARY KEY (`feedback_id`),
  ADD KEY `user_id` (`user_id`),
  ADD KEY `reservation_id` (`reservation_id`),
  ADD KEY `order_id` (`order_id`);

--
-- Indexes for table `orders`
--
ALTER TABLE `orders`
  ADD PRIMARY KEY (`order_id`);

--
-- Indexes for table `order_cancellations`
--
ALTER TABLE `order_cancellations`
  ADD PRIMARY KEY (`cancellation_id`),
  ADD KEY `order_id` (`order_id`);

--
-- Indexes for table `order_items`
--
ALTER TABLE `order_items`
  ADD PRIMARY KEY (`order_item_id`),
  ADD KEY `order_id` (`order_id`),
  ADD KEY `product_id` (`product_id`);

--
-- Indexes for table `product_categories`
--
ALTER TABLE `product_categories`
  ADD PRIMARY KEY (`category_id`);

--
-- Indexes for table `product_items`
--
ALTER TABLE `product_items`
  ADD PRIMARY KEY (`product_id`),
  ADD KEY `fk_category` (`category_id`);

--
-- Indexes for table `receipts`
--
ALTER TABLE `receipts`
  ADD PRIMARY KEY (`receipt_id`),
  ADD KEY `order_id` (`order_id`),
  ADD KEY `user_id` (`user_id`);

--
-- Indexes for table `receipt_items`
--
ALTER TABLE `receipt_items`
  ADD PRIMARY KEY (`receipt_item_id`),
  ADD KEY `receipt_id` (`receipt_id`),
  ADD KEY `product_id` (`product_id`),
  ADD KEY `fk_user_id` (`user_id`);

--
-- Indexes for table `reservations`
--
ALTER TABLE `reservations`
  ADD PRIMARY KEY (`reservation_id`);

--
-- Indexes for table `reservation_ids`
--
ALTER TABLE `reservation_ids`
  ADD PRIMARY KEY (`reservation_id`);

--
-- Indexes for table `reservation_reschedule`
--
ALTER TABLE `reservation_reschedule`
  ADD PRIMARY KEY (`reschedule_id`),
  ADD KEY `reservation_id` (`reservation_id`);

--
-- Indexes for table `sessions`
--
ALTER TABLE `sessions`
  ADD PRIMARY KEY (`session_id`),
  ADD KEY `user_id` (`user_id`);

--
-- Indexes for table `tables`
--
ALTER TABLE `tables`
  ADD PRIMARY KEY (`table_id`);

--
-- Indexes for table `table_images`
--
ALTER TABLE `table_images`
  ADD PRIMARY KEY (`image_id`),
  ADD KEY `table_id` (`table_id`);

--
-- Indexes for table `users`
--
ALTER TABLE `users`
  ADD PRIMARY KEY (`user_id`),
  ADD UNIQUE KEY `email` (`email`),
  ADD UNIQUE KEY `username` (`username`);

--
-- AUTO_INCREMENT for dumped tables
--

--
-- AUTO_INCREMENT for table `activity_logs`
--
ALTER TABLE `activity_logs`
  MODIFY `log_id` int(11) NOT NULL AUTO_INCREMENT, AUTO_INCREMENT=14;

--
-- AUTO_INCREMENT for table `chat_messages`
--
ALTER TABLE `chat_messages`
  MODIFY `id` int(11) NOT NULL AUTO_INCREMENT;

--
-- AUTO_INCREMENT for table `data_reservations`
--
ALTER TABLE `data_reservations`
  MODIFY `reservation_id` int(11) NOT NULL AUTO_INCREMENT, AUTO_INCREMENT=3;

--
-- AUTO_INCREMENT for table `error_logs`
--
ALTER TABLE `error_logs`
  MODIFY `log_id` int(11) NOT NULL AUTO_INCREMENT;

--
-- AUTO_INCREMENT for table `feedback`
--
ALTER TABLE `feedback`
  MODIFY `feedback_id` int(11) NOT NULL AUTO_INCREMENT;

--
-- AUTO_INCREMENT for table `orders`
--
ALTER TABLE `orders`
  MODIFY `order_id` int(11) NOT NULL AUTO_INCREMENT, AUTO_INCREMENT=2;

--
-- AUTO_INCREMENT for table `order_cancellations`
--
ALTER TABLE `order_cancellations`
  MODIFY `cancellation_id` int(11) NOT NULL AUTO_INCREMENT;

--
-- AUTO_INCREMENT for table `order_items`
--
ALTER TABLE `order_items`
  MODIFY `order_item_id` int(11) NOT NULL AUTO_INCREMENT, AUTO_INCREMENT=3;

--
-- AUTO_INCREMENT for table `product_categories`
--
ALTER TABLE `product_categories`
  MODIFY `category_id` int(11) NOT NULL AUTO_INCREMENT, AUTO_INCREMENT=3;

--
-- AUTO_INCREMENT for table `product_items`
--
ALTER TABLE `product_items`
  MODIFY `product_id` int(11) NOT NULL AUTO_INCREMENT, AUTO_INCREMENT=3;

--
-- AUTO_INCREMENT for table `receipts`
--
ALTER TABLE `receipts`
  MODIFY `receipt_id` int(11) NOT NULL AUTO_INCREMENT, AUTO_INCREMENT=2;

--
-- AUTO_INCREMENT for table `receipt_items`
--
ALTER TABLE `receipt_items`
  MODIFY `receipt_item_id` int(11) NOT NULL AUTO_INCREMENT, AUTO_INCREMENT=2;

--
-- AUTO_INCREMENT for table `reservations`
--
ALTER TABLE `reservations`
  MODIFY `reservation_id` int(11) NOT NULL AUTO_INCREMENT, AUTO_INCREMENT=3;

--
-- AUTO_INCREMENT for table `reservation_reschedule`
--
ALTER TABLE `reservation_reschedule`
  MODIFY `reschedule_id` int(11) NOT NULL AUTO_INCREMENT;

--
-- AUTO_INCREMENT for table `sessions`
--
ALTER TABLE `sessions`
  MODIFY `session_id` int(11) NOT NULL AUTO_INCREMENT;

--
-- AUTO_INCREMENT for table `tables`
--
ALTER TABLE `tables`
  MODIFY `table_id` int(11) NOT NULL AUTO_INCREMENT, AUTO_INCREMENT=3;

--
-- AUTO_INCREMENT for table `table_images`
--
ALTER TABLE `table_images`
  MODIFY `image_id` int(11) NOT NULL AUTO_INCREMENT, AUTO_INCREMENT=6;

--
-- AUTO_INCREMENT for table `users`
--
ALTER TABLE `users`
  MODIFY `user_id` int(11) NOT NULL AUTO_INCREMENT, AUTO_INCREMENT=9;

--
-- Constraints for dumped tables
--

--
-- Constraints for table `activity_logs`
--
ALTER TABLE `activity_logs`
  ADD CONSTRAINT `activity_logs_ibfk_1` FOREIGN KEY (`action_by`) REFERENCES `users` (`user_id`) ON DELETE CASCADE;

--
-- Constraints for table `feedback`
--
ALTER TABLE `feedback`
  ADD CONSTRAINT `feedback_ibfk_1` FOREIGN KEY (`user_id`) REFERENCES `users` (`user_id`) ON DELETE CASCADE,
  ADD CONSTRAINT `feedback_ibfk_3` FOREIGN KEY (`order_id`) REFERENCES `orders` (`order_id`) ON DELETE SET NULL;

--
-- Constraints for table `order_cancellations`
--
ALTER TABLE `order_cancellations`
  ADD CONSTRAINT `order_cancellations_ibfk_1` FOREIGN KEY (`order_id`) REFERENCES `orders` (`order_id`) ON DELETE CASCADE;

--
-- Constraints for table `product_items`
--
ALTER TABLE `product_items`
  ADD CONSTRAINT `fk_category` FOREIGN KEY (`category_id`) REFERENCES `product_categories` (`category_id`) ON DELETE CASCADE;

--
-- Constraints for table `receipts`
--
ALTER TABLE `receipts`
  ADD CONSTRAINT `receipts_ibfk_1` FOREIGN KEY (`order_id`) REFERENCES `orders` (`order_id`) ON DELETE CASCADE,
  ADD CONSTRAINT `receipts_ibfk_2` FOREIGN KEY (`user_id`) REFERENCES `users` (`user_id`) ON DELETE CASCADE;

--
-- Constraints for table `receipt_items`
--
ALTER TABLE `receipt_items`
  ADD CONSTRAINT `fk_user_id` FOREIGN KEY (`user_id`) REFERENCES `users` (`user_id`),
  ADD CONSTRAINT `receipt_items_ibfk_1` FOREIGN KEY (`receipt_id`) REFERENCES `receipts` (`receipt_id`) ON DELETE CASCADE,
  ADD CONSTRAINT `receipt_items_ibfk_2` FOREIGN KEY (`product_id`) REFERENCES `product_items` (`product_id`) ON DELETE CASCADE;
COMMIT;

/*!40101 SET CHARACTER_SET_CLIENT=@OLD_CHARACTER_SET_CLIENT */;
/*!40101 SET CHARACTER_SET_RESULTS=@OLD_CHARACTER_SET_RESULTS */;
/*!40101 SET COLLATION_CONNECTION=@OLD_COLLATION_CONNECTION */;
